{
  "NPL": {
    "threshold": 0.0,
    "f1": 0.0,
    "precision": 0.0,
    "recall": 0.0
  },
  "SET": {
    "threshold": 0.03,
    "f1": 0.9913467938761925,
    "precision": 0.991566799822459,
    "recall": 0.9911268855368234
  },
  "SME": {
    "threshold": 0.06,
    "f1": 0.13793103448275862,
    "precision": 0.11940298507462686,
    "recall": 0.16326530612244897
  }
}