{
  "rows_evaluated": 4200,
  "promotions_total": 2468,
  "promotions_by_class": {
    "SME": 307,
    "NPL": 1347,
    "SET": 814
  },
  "thresholds_used": {
    "NPL": 0.0,
    "SME": 0.06,
    "SET": 0.03
  },
  "report_before": {
    "NPL": {
      "precision": 0.0,
      "recall": 0.0,
      "f1-score": 0.0,
      "support": 1.0
    },
    "PAS": {
      "precision": 0.5445705024311183,
      "recall": 0.9911504424778761,
      "f1-score": 0.702928870292887,
      "support": 1356.0
    },
    "SET": {
      "precision": 0.9976798143851509,
      "recall": 0.6471030850263356,
      "f1-score": 0.7850296668188042,
      "support": 2658.0
    },
    "SME": {
      "precision": 0.0,
      "recall": 0.0,
      "f1-score": 0.0,
      "support": 185.0
    },
    "accuracy": 0.7295238095238096,
    "macro avg": {
      "precision": 0.3855625792040673,
      "recall": 0.4095633818760529,
      "f1-score": 0.37198963427792275,
      "support": 4200.0
    },
    "weighted avg": {
      "precision": 0.8072072733172208,
      "recall": 0.7295238095238096,
      "f1-score": 0.7237572386956039,
      "support": 4200.0
    }
  },
  "report_after": {
    "NPL": {
      "precision": 0.0,
      "recall": 0.0,
      "f1-score": 0.0,
      "support": 1.0
    },
    "PAS": {
      "precision": 0.0,
      "recall": 0.0,
      "f1-score": 0.0,
      "support": 1356.0
    },
    "SET": {
      "precision": 0.9952718676122931,
      "recall": 0.9503386004514672,
      "f1-score": 0.9722863741339491,
      "support": 2658.0
    },
    "SME": {
      "precision": 0.10793650793650794,
      "recall": 0.1837837837837838,
      "f1-score": 0.136,
      "support": 185.0
    },
    "accuracy": 0.6095238095238096,
    "macro avg": {
      "precision": 0.2758020938872003,
      "recall": 0.28353059605881276,
      "f1-score": 0.2770715935334873,
      "support": 4200.0
    },
    "weighted avg": {
      "precision": 0.634619256686126,
      "recall": 0.6095238095238096,
      "f1-score": 0.6213088529638182,
      "support": 4200.0
    }
  }
}